book_id,title,author,genre,ratings
1,The Alchemist,Paulo Coelho,Fiction,4.7
2,To Kill a Mockingbird,Harper Lee,Fiction,4.8
3,Sapiens,Yuval Noah Harari,Non-Fiction,4.6
4,Atomic Habits,James Clear,Self-help,4.9
5,1984,George Orwell,Fiction,4.5
6,Pride and Prejudice,Jane Austen,Romance,4.8
7,Becoming,Michelle Obama,Biography,4.9
8,The Subtle Art of Not Giving a F*ck,Mark Manson,Self-help,4.6
9,The Catcher in the Rye,J.D. Salinger,Fiction,4.3
10,The Great Gatsby,F. Scott Fitzgerald,Fiction,4.4
11,The Power of Habit,Charles Duhigg,Self-help,4.5
12,The Hunger Games,Suzanne Collins,Fantasy,4.7
13,Harry Potter and the Sorcerer's Stone,J.K. Rowling,Fantasy,4.9
14,The Hobbit,J.R.R. Tolkien,Fantasy,4.8
15,The Road,Cormac McCarthy,Fiction,4.2
16,A Brief History of Time,Stephen Hawking,Science,4.7
17,Thinking, Fast and Slow,Daniel Kahneman,4.6
18,Educated,Tara Westover,Biography,4.8
19,Outliers,Malcolm Gladwell,Self-help,4.5
20,The Kite Runner,Khaled Hosseini,Fiction,4.8
21,A Thousand Splendid Suns,Khaled Hosseini,Fiction,4.8
22,The Midnight Library,Matt Haig,Fiction,4.7
23,Rich Dad Poor Dad,Robert T. Kiyosaki,Self-help,4.6
24,Dune,Frank Herbert,Science Fiction,4.5
25,The Shining,Stephen King,Horror,4.7
26,It,Stephen King,Horror,4.6
27,Gone Girl,Gillian Flynn,Thriller,4.6
28,The Silent Patient,Alex Michaelides,Thriller,4.7
29,Big Little Lies,Liane Moriarty,Fiction,4.6
30,The Seven Husbands of Evelyn Hugo,Taylor Jenkins Reid,Fiction,4.8
31,Verity,Colleen Hoover,Thriller,4.5
32,Reminders of Him,Colleen Hoover,Fiction,4.6
33,Ugly Love,Colleen Hoover,Romance,4.5
34,It Ends with Us,Colleen Hoover,Romance,4.7
35,Beach Read,Emily Henry,Romance,4.6
36,People We Meet on Vacation,Emily Henry,Romance,4.5
37,Book Lovers,Emily Henry,Romance,4.6
38,The Four Agreements,Don Miguel Ruiz,Self-help,4.6
39,Man's Search for Meaning,Viktor E. Frankl,Biography,4.9
40,How to Win Friends and Influence People,Dale Carnegie,Self-help,4.8
41,The 5 AM Club,Robin Sharma,Self-help,4.5
42,Can't Hurt Me,David Goggins,Self-help,4.8
43,The Secret,Rhonda Byrne,Self-help,4.6
44,The Art of War,Sun Tzu,Philosophy,4.6
45,Crime and Punishment,Fyodor Dostoevsky,Classics,4.7
46,War and Peace,Leo Tolstoy,Classics,4.8
47,Anna Karenina,Leo Tolstoy,Classics,4.8
48,Les Misérables,Victor Hugo,Classics,4.7
49,The Brothers Karamazov,Fyodor Dostoevsky,Classics,4.8
50,Dracula,Bram Stoker,Horror,4.5
